{
    "test/accuracy": 0.6705,
    "test/0/precision": 0.6876876876876877,
    "test/0/recall": 0.7399030694668821,
    "test/0/f1-score": 0.7128404669260701,
    "test/0/support": 619.0,
    "test/1/precision": 0.8130217028380634,
    "test/1/recall": 0.7996715927750411,
    "test/1/f1-score": 0.8062913907284768,
    "test/1/support": 609.0,
    "test/2/precision": 0.5838150289017341,
    "test/2/recall": 0.5197255574614065,
    "test/2/f1-score": 0.5499092558983666,
    "test/2/support": 583.0,
    "test/3/precision": 0.4737827715355805,
    "test/3/recall": 0.45098039215686275,
    "test/3/f1-score": 0.4621004566210046,
    "test/3/support": 561.0,
    "test/4/precision": 0.6806387225548902,
    "test/4/recall": 0.5617792421746294,
    "test/4/f1-score": 0.6155234657039711,
    "test/4/support": 607.0,
    "test/5/precision": 0.7349726775956285,
    "test/5/recall": 0.4338709677419355,
    "test/5/f1-score": 0.5456389452332657,
    "test/5/support": 620.0,
    "test/6/precision": 0.562111801242236,
    "test/6/recall": 0.8872549019607843,
    "test/6/f1-score": 0.688212927756654,
    "test/6/support": 612.0,
    "test/7/precision": 0.739202657807309,
    "test/7/recall": 0.7247557003257329,
    "test/7/f1-score": 0.7319078947368421,
    "test/7/support": 614.0,
    "test/8/precision": 0.8541666666666666,
    "test/8/recall": 0.7068965517241379,
    "test/8/f1-score": 0.7735849056603774,
    "test/8/support": 580.0,
    "test/9/precision": 0.6701434159061278,
    "test/9/recall": 0.8638655462184874,
    "test/9/f1-score": 0.7547723935389133,
    "test/9/support": 595.0,
    "test/macro avg/precision": 0.6799543132735925,
    "test/macro avg/recall": 0.66887035220059,
    "test/macro avg/f1-score": 0.6640782102803942,
    "test/macro avg/support": 6000.0,
    "test/weighted avg/precision": 0.6813051350788479,
    "test/weighted avg/recall": 0.6705,
    "test/weighted avg/f1-score": 0.6653967711091853,
    "test/weighted avg/support": 6000.0
}
